<?xml version="1.0" encoding="UTF-8" standalone="yes"?>
<addon id="repository.bwbuild" name="[COLOR limegreen][B]bwbuild[/B][/COLOR]Wizard Repository" version="2.0" provider-name="bwbuild">
    <extension point="xbmc.addon.repository" name="[COLOR limegreen][B]bwbuild[/B][/COLOR]Wizard Repository">
        <dir minversion="18.0" maxversion="18.9.0">
            <info compressed="false">http://bwbuild.atwebpages/leia/zips/addons.xml</info>
            <checksum>http://bwbuild.atwebpages/leia/zips/addons.xml.md5</checksum>
            <datadir zip="true">http://bwbuild.atwebpages/leia/zips/</datadir>
        </dir>
        <dir minversion="18.9.9">
            <info compressed="false">http://bwbuild.atwebpages/matrix/zips/addons.xml</info>
            <checksum>http://bwbuild.atwebpages/matrix/zips/addons.xml.md5</checksum>
            <datadir zip="true">http://bwbuild.atwebpages/matrix/zips/</datadir>
        </dir>
    </extension>
    
    <extension point="xbmc.addon.metadata">
        <summary>[COLOR limegreen][B]bwbuild[/B][/COLOR]Wizard</summary>
        <description>The official home of [COLOR limegreen][B]bwbuild[/B][/COLOR]Wizard.</description>
        <disclaimer></disclaimer>
        <platform>all</platform>
        <assets>
            <icon>icon.png</icon>
            <fanart>fanart.jpg</fanart>
        </assets>
        <source>http://bwbuild.atwebpages/zips/repository.bwbuild/</source>
    </extension>
</addon>